,Subject,Gender,Age
1,100206,M,26-30
2,100307,F,26-30
3,100408,M,31-35
4,100610,M,26-30
5,101006,F,31-35
6,101107,M,22-25
9,101410,M,26-30
11,101915,F,31-35
14,102311,F,26-30
15,102513,M,26-30
18,102816,F,26-30
20,103111,M,26-30
22,103414,F,22-25
23,103515,F,26-30
24,103818,F,31-35
27,104416,F,31-35
28,104820,F,36+
29,105014,F,26-30
30,105115,M,31-35
31,105216,M,26-30
32,105620,F,31-35
34,106016,F,31-35
36,106319,M,26-30
37,106521,F,26-30
39,107018,F,26-30
42,107321,F,22-25
43,107422,M,22-25
45,107725,F,31-35
47,108121,F,26-30
48,108222,M,31-35
49,108323,F,26-30
50,108525,M,22-25
51,108828,M,31-35
52,109123,M,31-35
54,109830,F,31-35
55,110007,F,31-35
56,110411,M,31-35
57,110613,M,26-30
58,111009,F,26-30
60,111312,F,31-35
61,111413,F,26-30
63,111716,F,31-35
64,112112,M,26-30
65,112314,F,26-30
66,112516,F,31-35
68,112920,M,31-35
69,113215,F,26-30
72,113619,F,31-35
74,113922,M,31-35
76,114217,F,26-30
77,114318,F,22-25
78,114419,M,31-35
79,114621,M,26-30
80,114823,F,31-35
82,115017,F,31-35
83,115219,M,31-35
84,115320,F,31-35
86,115825,M,22-25
88,116221,M,22-25
91,116524,M,26-30
92,116726,M,26-30
94,117122,F,26-30
95,117324,F,22-25
97,117930,F,31-35
98,118023,F,26-30
99,118124,F,31-35
100,118225,M,26-30
101,118528,F,26-30
102,118730,M,22-25
104,118932,M,26-30
106,119126,F,22-25
107,119732,F,31-35
108,119833,F,26-30
110,120111,F,26-30
111,120212,F,31-35
113,120515,F,26-30
114,120717,F,31-35
117,121416,M,26-30
118,121618,M,31-35
121,121921,M,31-35
122,122317,M,31-35
125,122620,M,26-30
126,122822,F,31-35
127,123117,M,26-30
128,123420,F,26-30
129,123521,M,22-25
131,123824,M,22-25
132,123925,F,26-30
133,124220,M,31-35
135,124422,F,31-35
136,124624,F,26-30
137,124826,F,31-35
140,125525,F,31-35
141,126325,F,26-30
143,126628,M,31-35
146,127327,M,22-25
147,127630,F,22-25
150,127933,M,31-35
151,128026,F,26-30
152,128127,F,26-30
154,128632,F,31-35
155,128935,M,31-35
156,129028,M,26-30
157,129129,F,31-35
158,129331,F,26-30
161,129634,M,22-25
162,129937,F,26-30
163,130013,M,26-30
165,130316,F,26-30
166,130417,M,26-30
168,130619,F,26-30
170,130821,F,22-25
171,130922,F,31-35
172,131217,F,26-30
173,131419,F,26-30
175,131722,F,26-30
176,131823,M,26-30
177,131924,M,22-25
178,132017,F,22-25
181,133019,F,26-30
183,133625,M,26-30
185,133827,M,22-25
186,133928,M,26-30
187,134021,F,31-35
188,134223,F,26-30
190,134425,F,26-30
192,134728,M,26-30
193,134829,F,31-35
195,135225,F,22-25
197,135528,F,26-30
199,135730,M,22-25
200,135932,F,26-30
202,136227,M,31-35
206,136732,F,31-35
207,136833,M,31-35
210,137229,M,22-25
213,137633,F,22-25
216,138231,F,31-35
218,138534,M,22-25
219,138837,M,22-25
220,139233,F,31-35
222,139637,F,31-35
223,139839,M,26-30
224,140117,F,26-30
225,140319,F,36+
226,140420,F,26-30
228,140824,M,31-35
229,140925,F,22-25
230,141119,M,26-30
231,141422,F,31-35
233,141826,F,26-30
237,143325,F,31-35
238,143426,F,26-30
241,144125,F,31-35
242,144226,F,31-35
244,144731,F,26-30
245,144832,F,22-25
247,145127,M,22-25
250,145834,F,26-30
252,146331,F,26-30
253,146432,M,31-35
254,146533,M,26-30
255,146634,F,26-30
258,146937,F,31-35
259,147030,M,26-30
261,147737,F,31-35
262,148032,F,31-35
263,148133,F,26-30
265,148335,F,31-35
266,148436,M,26-30
267,148840,F,22-25
268,148941,M,26-30
269,149236,F,22-25
270,149337,M,31-35
271,149539,M,22-25
272,149741,M,26-30
273,149842,F,31-35
274,150019,M,26-30
277,150625,M,26-30
278,150726,M,22-25
279,150928,M,22-25
281,151223,F,26-30
283,151425,F,26-30
284,151526,M,26-30
285,151627,F,26-30
286,151728,M,31-35
287,151829,F,31-35
291,152831,M,26-30
293,153025,F,22-25
295,153227,F,31-35
296,153429,M,31-35
297,153631,F,22-25
301,154229,F,22-25
303,154431,F,26-30
304,154532,M,26-30
305,154734,M,31-35
306,154835,F,31-35
307,154936,M,26-30
308,155231,F,31-35
309,155635,F,26-30
310,155938,M,26-30
311,156031,F,26-30
312,156233,F,22-25
314,156435,M,22-25
315,156536,M,22-25
316,156637,M,31-35
318,157336,F,31-35
319,157437,F,26-30
320,157942,F,36+
322,158136,M,31-35
323,158338,M,22-25
324,158540,M,31-35
325,158843,M,26-30
326,159138,M,31-35
327,159239,F,31-35
329,159441,F,26-30
330,159744,M,31-35
332,159946,M,26-30
333,160123,M,31-35
334,160729,F,22-25
335,160830,F,26-30
336,160931,F,31-35
337,161327,F,26-30
338,161630,F,26-30
339,161731,F,31-35
341,162026,F,31-35
342,162228,M,22-25
343,162329,F,26-30
344,162733,F,26-30
346,162935,M,22-25
347,163129,M,26-30
348,163331,M,31-35
350,163836,F,31-35
351,164030,M,31-35
352,164131,M,26-30
353,164636,M,22-25
354,164939,F,26-30
355,165032,M,22-25
358,165638,M,26-30
359,165840,M,31-35
361,166438,M,31-35
362,166640,M,22-25
363,167036,F,26-30
364,167238,F,31-35
369,168240,M,26-30
370,168341,M,31-35
371,168745,F,22-25
375,169343,F,31-35
376,169444,F,26-30
378,169747,F,26-30
379,169949,M,26-30
380,170631,F,31-35
381,170934,F,26-30
383,171330,M,26-30
385,171532,F,31-35
386,171633,M,26-30
388,172029,M,26-30
389,172130,M,26-30
390,172332,F,26-30
391,172433,M,22-25
392,172534,F,22-25
394,172938,F,31-35
396,173233,M,26-30
397,173334,M,26-30
398,173435,F,26-30
399,173536,F,31-35
400,173637,F,22-25
401,173738,M,31-35
402,173839,F,22-25
403,173940,F,26-30
404,174437,F,31-35
405,174841,M,22-25
406,175035,M,22-25
408,175237,F,31-35
409,175338,F,22-25
410,175439,F,31-35
412,175742,F,31-35
414,176037,F,26-30
415,176239,M,31-35
416,176441,M,26-30
417,176542,F,26-30
418,176744,M,31-35
421,177241,M,26-30
422,177342,M,22-25
423,177645,F,26-30
424,177746,F,26-30
425,178142,F,26-30
426,178243,M,22-25
427,178647,F,31-35
429,178849,M,22-25
430,178950,M,31-35
432,179245,F,31-35
433,179346,F,26-30
434,179548,F,26-30
435,179952,F,26-30
436,180129,F,26-30
438,180432,F,31-35
440,180735,F,31-35
441,180836,F,31-35
442,180937,M,36+
443,181131,F,31-35
444,181232,F,26-30
445,181636,F,31-35
446,182032,F,31-35
447,182436,F,31-35
448,182739,F,26-30
449,182840,M,31-35
450,183034,M,31-35
451,183337,F,31-35
455,185139,F,31-35
456,185341,F,22-25
457,185442,M,22-25
458,185846,M,26-30
459,185947,F,26-30
461,186141,M,31-35
463,186444,F,22-25
468,187345,F,31-35
469,187547,F,31-35
470,187850,M,22-25
473,188347,F,26-30
474,188448,F,22-25
475,188549,M,22-25
476,188751,M,26-30
477,189349,F,26-30
478,189450,M,22-25
481,190031,F,26-30
484,191033,F,26-30
486,191336,M,26-30
487,191437,F,31-35
489,191841,F,26-30
490,191942,M,26-30
491,192035,F,26-30
492,192136,M,22-25
495,192540,F,26-30
497,192843,M,26-30
498,193239,F,26-30
499,193441,M,26-30
501,194140,F,26-30
503,194645,M,26-30
504,194746,M,31-35
505,194847,F,31-35
507,195041,F,31-35
508,195445,F,26-30
509,195647,F,31-35
510,195849,M,22-25
511,195950,M,26-30
512,196144,F,31-35
513,196346,M,26-30
515,196750,F,26-30
518,197348,F,26-30
524,198249,M,26-30
525,198350,M,31-35
526,198451,M,26-30
527,198653,M,22-25
528,198855,M,26-30
529,199150,F,26-30
532,199453,M,22-25
534,199655,M,31-35
535,199958,M,31-35
536,200008,F,26-30
537,200109,F,31-35
538,200210,M,26-30
539,200311,M,31-35
541,200614,F,31-35
543,200917,F,22-25
544,201111,M,26-30
545,201414,F,22-25
546,201515,M,26-30
548,201818,F,26-30
549,202113,F,22-25
550,202719,M,22-25
552,203418,M,26-30
554,203923,F,26-30
555,204016,F,22-25
558,204319,F,26-30
559,204420,F,26-30
560,204521,F,31-35
561,204622,F,26-30
562,205119,M,31-35
563,205220,F,26-30
564,205725,F,22-25
565,205826,M,31-35
566,206222,M,26-30
572,207123,M,26-30
573,207426,M,26-30
576,208125,F,26-30
577,208226,F,22-25
578,208327,M,26-30
582,209127,F,31-35
583,209228,F,26-30
584,209329,F,31-35
587,209935,M,22-25
588,210011,M,22-25
590,210415,F,26-30
591,210617,F,31-35
593,211215,M,26-30
594,211316,F,31-35
595,211417,M,36+
598,211720,M,31-35
600,211922,F,26-30
601,212015,M,22-25
602,212116,M,26-30
603,212217,F,22-25
604,212318,F,31-35
605,212419,F,26-30
607,212823,M,22-25
610,213421,F,26-30
612,214019,F,31-35
613,214221,F,22-25
614,214423,M,22-25
615,214524,M,22-25
616,214625,F,31-35
617,214726,M,22-25
618,217126,M,22-25
619,217429,F,31-35
622,220721,M,26-30
624,221319,F,26-30
625,223929,M,31-35
626,224022,F,26-30
627,227432,M,31-35
629,228434,F,22-25
631,231928,F,26-30
632,233326,M,31-35
634,236130,F,26-30
635,237334,F,22-25
638,239944,F,31-35
639,245333,F,31-35
640,246133,F,26-30
642,248339,M,26-30
644,250427,F,31-35
645,250932,F,31-35
646,251833,M,31-35
647,255639,F,26-30
649,256540,F,22-25
650,257542,F,26-30
654,263436,F,31-35
655,268749,M,26-30
656,268850,F,22-25
657,270332,M,31-35
659,275645,M,22-25
660,280739,F,31-35
661,280941,F,26-30
663,283543,M,22-25
664,284646,M,26-30
665,285345,F,31-35
666,285446,M,31-35
668,286650,M,26-30
670,289555,F,31-35
671,290136,F,26-30
672,293748,F,31-35
673,295146,F,26-30
674,297655,F,31-35
675,298051,F,31-35
676,298455,M,22-25
677,299154,M,22-25
679,300618,M,22-25
681,303119,F,26-30
682,303624,M,31-35
683,304020,M,31-35
684,304727,F,31-35
685,305830,F,22-25
686,307127,F,31-35
687,308129,M,22-25
688,308331,M,26-30
689,309636,F,26-30
690,310621,F,31-35
691,311320,M,26-30
693,316633,F,26-30
694,316835,F,26-30
695,317332,M,26-30
696,318637,M,26-30
697,320826,F,31-35
698,321323,F,31-35
699,322224,F,31-35
703,330324,M,26-30
704,333330,F,31-35
705,334635,F,22-25
706,336841,M,26-30
707,339847,F,26-30
709,341834,M,26-30
712,346137,M,26-30
713,346945,F,22-25
714,348545,M,22-25
717,351938,F,22-25
718,352132,M,26-30
720,353740,M,22-25
727,358144,F,26-30
729,361234,F,31-35
732,365343,F,26-30
733,366042,F,26-30
734,366446,M,22-25
738,371843,F,31-35
741,377451,F,26-30
743,378857,F,31-35
744,379657,F,26-30
745,380036,M,26-30
746,381038,F,26-30
747,381543,F,22-25
752,385450,M,26-30
753,386250,M,22-25
754,387959,M,26-30
755,389357,F,26-30
756,390645,F,26-30
757,391748,F,31-35
760,393247,F,31-35
761,393550,M,26-30
763,395251,F,26-30
764,395756,F,31-35
765,395958,M,26-30
766,397154,F,26-30
767,397760,M,31-35
768,397861,M,31-35
772,406432,M,26-30
773,406836,F,31-35
774,412528,F,31-35
776,414229,M,31-35
777,415837,F,22-25
780,422632,F,22-25
781,424939,M,26-30
782,429040,F,31-35
783,432332,F,31-35
784,433839,M,26-30
786,436239,F,26-30
787,436845,F,26-30
788,441939,F,26-30
789,445543,M,26-30
791,448347,M,26-30
792,449753,M,22-25
793,453441,M,31-35
796,456346,F,22-25
798,459453,F,26-30
802,465852,F,26-30
803,467351,M,31-35
806,473952,F,31-35
808,479762,M,22-25
809,480141,F,22-25
812,481951,F,22-25
813,485757,F,31-35
814,486759,M,31-35
815,492754,F,26-30
816,495255,M,31-35
818,497865,M,26-30
819,499566,F,26-30
820,500222,F,26-30
821,506234,M,26-30
823,510326,F,26-30
826,513736,F,22-25
828,517239,M,22-25
831,519950,F,31-35
832,520228,M,22-25
834,522434,F,26-30
835,523032,M,31-35
836,524135,M,22-25
837,525541,F,26-30
838,529549,F,26-30
839,529953,M,26-30
840,530635,M,26-30
841,531536,M,31-35
843,536647,F,31-35
845,540436,M,31-35
847,541943,F,26-30
848,545345,M,31-35
849,547046,F,26-30
850,548250,M,22-25
857,553344,F,31-35
858,555348,F,31-35
859,555651,F,31-35
861,557857,M,22-25
864,559053,F,31-35
866,561242,F,22-25
867,561444,M,22-25
869,562345,F,31-35
870,562446,F,31-35
872,565452,F,22-25
873,566454,F,26-30
874,567052,M,31-35
876,567961,F,22-25
877,568963,F,31-35
880,570243,F,26-30
882,571144,M,22-25
883,571548,M,26-30
884,572045,F,31-35
885,573249,M,26-30
886,573451,M,22-25
888,576255,F,31-35
893,579867,F,31-35
894,580044,F,26-30
895,580347,F,26-30
896,580650,F,31-35
897,580751,M,22-25
898,581349,M,31-35
899,581450,M,22-25
900,583858,M,31-35
902,585256,F,31-35
904,586460,F,26-30
905,587664,F,26-30
906,588565,M,31-35
910,594156,M,26-30
911,597869,M,31-35
912,598568,M,26-30
913,599065,M,22-25
914,599469,F,31-35
915,599671,M,26-30
917,604537,M,22-25
918,609143,F,31-35
920,611938,M,22-25
922,613538,F,26-30
923,614439,F,26-30
925,615744,F,26-30
926,616645,M,22-25
927,617748,F,26-30
928,618952,M,22-25
931,622236,M,22-25
933,623844,M,26-30
934,626648,F,22-25
935,627549,F,31-35
936,627852,M,26-30
937,628248,M,26-30
941,633847,F,22-25
944,638049,F,31-35
947,645450,F,26-30
948,645551,F,22-25
950,647858,M,26-30
952,654350,F,26-30
954,654754,F,31-35
955,656253,M,26-30
956,656657,M,22-25
957,657659,F,22-25
960,663755,F,22-25
961,664757,M,26-30
962,665254,F,31-35
963,667056,M,22-25
964,668361,M,31-35
966,672756,M,31-35
967,673455,F,31-35
969,677766,M,26-30
970,677968,F,31-35
971,679568,F,26-30
972,679770,M,26-30
973,680250,F,22-25
975,680957,F,26-30
976,683256,F,26-30
977,685058,M,31-35
978,686969,M,22-25
980,687163,M,22-25
984,690152,M,26-30
986,693461,F,31-35
987,693764,M,31-35
989,695768,M,26-30
992,700634,M,26-30
994,702133,F,31-35
995,704238,M,26-30
996,705341,M,31-35
997,706040,F,22-25
999,707749,M,31-35
1000,709551,F,31-35
1001,713239,F,26-30
1003,715647,F,31-35
1005,720337,M,22-25
1007,724446,M,22-25
1009,727553,F,26-30
1010,727654,F,22-25
1012,729254,M,22-25
1014,729557,F,22-25
1015,731140,F,31-35
1016,732243,F,31-35
1018,734045,M,22-25
1020,735148,M,22-25
1021,737960,F,22-25
1022,742549,M,26-30
1024,744553,F,31-35
1027,748258,F,22-25
1028,748662,F,31-35
1029,749058,M,22-25
1031,751348,M,26-30
1032,751550,F,26-30
1033,753150,M,22-25
1035,756055,M,22-25
1037,759869,M,31-35
1039,761957,F,26-30
1041,765056,M,26-30
1043,766563,M,26-30
1044,767464,F,26-30
1045,769064,M,26-30
1046,770352,F,26-30
1047,771354,F,26-30
1048,773257,M,26-30
1050,779370,F,26-30
1052,782561,F,31-35
1054,784565,F,26-30
1055,786569,F,31-35
1057,788876,F,31-35
1058,789373,M,26-30
1059,792564,F,31-35
1061,792867,M,36+
1062,793465,M,22-25
1063,800941,M,26-30
1064,802844,F,22-25
1065,803240,M,22-25
1068,810439,M,26-30
1069,810843,M,31-35
1070,812746,M,22-25
1074,816653,F,22-25
1077,818859,M,31-35
1078,820745,M,31-35
1085,826353,F,26-30
1086,826454,F,26-30
1090,833148,M,26-30
1091,833249,F,26-30
1092,835657,F,31-35
1093,837560,M,26-30
1095,837964,F,31-35
1096,841349,F,26-30
1097,843151,M,26-30
1098,844961,F,31-35
1099,845458,F,31-35
1100,849264,F,31-35
1101,849971,M,22-25
1102,852455,F,26-30
1103,856463,F,31-35
1104,856766,F,31-35
1105,856968,M,31-35
1106,857263,M,22-25
1107,859671,F,31-35
1108,861456,F,31-35
1109,865363,M,22-25
1110,867468,M,22-25
1112,870861,M,31-35
1113,871762,M,26-30
1114,871964,M,26-30
1115,872158,F,26-30
1116,872562,F,31-35
1118,873968,F,22-25
1120,877168,F,31-35
1121,877269,F,22-25
1123,878776,M,22-25
1125,880157,M,31-35
1126,882161,F,26-30
1129,885975,F,26-30
1131,887373,F,31-35
1133,889579,M,31-35
1134,891667,M,26-30
1135,894067,M,31-35
1136,894673,F,26-30
1137,894774,M,26-30
1138,896778,F,31-35
1139,896879,M,26-30
1140,898176,M,31-35
1141,899885,F,26-30
1143,901139,F,26-30
1144,901442,F,26-30
1146,904044,F,31-35
1148,907656,F,31-35
1150,910241,M,26-30
1151,910443,F,26-30
1153,912447,M,26-30
1156,917255,M,31-35
1157,917558,F,31-35
1159,919966,F,31-35
1160,922854,M,26-30
1161,923755,F,26-30
1162,926862,M,26-30
1163,927359,M,22-25
1165,930449,F,22-25
1166,932554,M,26-30
1168,937160,M,26-30
1170,942658,M,26-30
1173,947668,F,26-30
1175,952863,F,22-25
1177,955465,M,26-30
1178,957974,F,26-30
1179,958976,M,26-30
1181,959574,F,26-30
1183,965367,M,31-35
1184,965771,M,31-35
1185,966975,M,22-25
1189,972566,F,31-35
1191,978578,F,31-35
1193,983773,M,26-30
1194,984472,F,26-30
1196,987983,F,26-30
1198,990366,M,22-25
1199,991267,M,26-30
1200,992673,F,31-35
1201,992774,M,31-35
1202,993675,F,26-30
1203,994273,M,26-30
1205,996782,F,26-30
